Kod;Ürün Adý;Kategori;Fiyat
2000;Oymalý Madalyon Masa Takýmý;MASA TAKIMLARI;2.850 ?
2001;Sandviç Masa Takýmý;MASA TAKIMLARI;2.800 ?
2002;Kral Masa Takýmý;MASA TAKIMLARI;2.550 ?
2003;Oymasýz Kral Masa Takýmý;MASA TAKIMLARI;2.600 ?
2004;Hasýrlý Yýldýz Masa Takýmý;MASA TAKIMLARI;2.500 ?
2005;Madalyon Masa Takýmý;MASA TAKIMLARI;1.950 ?
2006;Vazo Rustik Masa Takýmý;MASA TAKIMLARI;2.100 ?
2007;Oymalý Bombeli Masa Takýmý;MASA TAKIMLARI;1.775 ?
2008;Elips Göbekli Masa Takýmý;MASA TAKIMLARI;1.950 ?
2009;Country Göbekli Masa Takýmý;MASA TAKIMLARI;2.400 ?
2010;Lükens Masa Takýmý;MASA TAKIMLARI;1.700 ?
2011;Rustik Masa Takýmý;MASA TAKIMLARI;1.900 ?
2012;Göbekli Sabit Masa Takýmý;MASA TAKIMLARI;1.800 ?
2013;Hasýrlý Masa Takýmý;MASA TAKIMLARI;1.700 ?
2014;Royal Masa Takýmý;MASA TAKIMLARI;1.575 ?
2015;Crown Masa Takýmý;MASA TAKIMLARI;1.625 ?
2016;Bombeli Latte Masa Takýmý;MASA TAKIMLARI;1.850 ?
2017;Bombeli Masa Takýmý;MASA TAKIMLARI;1.450 ?
2018;Elips Banklý Masa Takýmý;MASA TAKIMLARI;1.600 ?
2019;Retro Masa Takýmý;MASA TAKIMLARI;1.650 ?
2020;Windsor Masa Takýmý;MASA TAKIMLARI;1.450 ?
2021;Tornalý Blok Masa Takýmý;MASA TAKIMLARI;1.100 ?
2022;Armut Masa Takýmý;MASA TAKIMLARI;1.300 ?
2023;Kayýk Masa Takýmý;MASA TAKIMLARI;1.150 ?
2024;Muz Masa Takýmý;MASA TAKIMLARI;1.250 ?
2025;Nitro Masa Takýmý;MASA TAKIMLARI;1.100 ?
2026;Hisar Masa Takýmý;MASA TAKIMLARI;1.450 ?
2027;Lokal Masa Takýmý;MASA TAKIMLARI;1.300 ?
2028;Sýla Masa Takýmý;MASA TAKIMLARI;1.300 ?
2029;Eva Masa Takýmý;MASA TAKIMLARI;1.100 ?
2030;Oval Kaþýklý Masa Takýmý;MASA TAKIMLARI;1.250 ?
2031;Mars Masa Takýmý;MASA TAKIMLARI;1.200 ?
2032;Dolunay Masa Takýmý;MASA TAKIMLARI;1.150 ?
2033;Riga Masa Takýmý;MASA TAKIMLARI;1.450 ?
2034;Kayýþlý Masa Takýmý;MASA TAKIMLARI;1.250 ?
2035;Vizyon Masa Takýmý;MASA TAKIMLARI;1.350 ?
2036;Prenses Masa Takýmý;MASA TAKIMLARI;1.150 ?
2037;Kelebek Masa Takýmý;MASA TAKIMLARI;800 ?
2038;Monte Masa Takýmý;MASA TAKIMLARI;1.200 ?
2039;Kontra Masa Takýmý;MASA TAKIMLARI;1.100 ?
2040;Lotus Masa Takýmý;MASA TAKIMLARI;1.675 ?
2041;Black Göbekli Masa Takýmý;MASA TAKIMLARI;1.550 ?
2042;Izgara Masa Takýmý;MASA TAKIMLARI;1.200 ?
2043;Gökkuþaðý Masa Takýmý;MASA TAKIMLARI;1.050 ?
2044;Kütük Masa Takýmý;MASA TAKIMLARI;2.500 ?
2045;Malez Masa Takýmý;MASA TAKIMLARI;2.400 ?
2046;Zincirli Masa Takýmý;MASA TAKIMLARI;1.150 ?
2047;File Masa Takýmý;MASA TAKIMLARI;1.100 ?
2048;File Banklý Masa Takýmý;MASA TAKIMLARI;1.900 ?
2049;File Çapraz Masa Takýmý;MASA TAKIMLARI;1.050 ?
2050;Hürmüz Masa Takýmý;MASA TAKIMLARI;975 ?
2051;Yuvarlak Masa Takýmý;MASA TAKIMLARI;750 ?
2052;Defne Masa Takýmý;MASA TAKIMLARI;1.300 ?
2053;Yumurta Masa Takýmý;MASA TAKIMLARI;1.200 ?
2054;Osmanlý Sabit Masa Takýmý;MASA TAKIMLARI;1.150 ?
2055;Karizma Masa Takýmý;MASA TAKIMLARI;1.200 ?
2056;Halkalý Masa Takýmý;MASA TAKIMLARI;1.200 ?
2057;Bank-Benç Masa Takýmý;MASA TAKIMLARI;1.000 ?
2058;Meridyen Masa Takýmý;MASA TAKIMLARI;1.275 ?
2059;Lükens Mekanizmalý Mutfak Masa Takýmý;MASA TAKIMLARI;680 ?
2060;Alaçatý Kýr Bahçe Takýmý;MASA TAKIMLARI;450 ?
2061;Beyaz Mekanizmalý Masa Takýmý;MASA TAKIMLARI;700 ?
2062;Bodrum Masa Takýmý;MASA TAKIMLARI;1.400 ?
2063;Pisa Masa Takýmý;MASA TAKIMLARI;1.100 ?
2064;Ýzmir Masa Takýmý;MASA TAKIMLARI;1.100 ?
2065;Havuzlu Kelebek Masa Takýmý;MASA TAKIMLARI;750 ?